{
  "prepare_queue": {
    "installed": [],
    "uninstalled": []
  },
  "config_munge": {
    "files": {
      "res/xml/config.xml": {
        "parents": {
          "/*": [
            {
              "xml": "<feature name=\"File\"><param name=\"android-package\" value=\"org.apache.cordova.file.FileUtils\" /><param name=\"onload\" value=\"true\" /></feature>",
              "count": 1
            },
            {
              "xml": "<allow-navigation href=\"cdvfile:*\" />",
              "count": 1
            },
            {
              "xml": "<feature name=\"CordovaHttpPlugin\"><param name=\"android-package\" value=\"com.silkimen.cordovahttp.CordovaHttpPlugin\" /></feature>",
              "count": 1
            }
          ]
        }
      },
      "AndroidManifest.xml": {
        "parents": {
          "/manifest": [
            {
              "xml": "<uses-permission android:name=\"android.permission.INTERNET\" />",
              "count": 1
            },
            {
              "xml": "<uses-permission android:name=\"android.permission.ACCESS_NETWORK_STATE\" />",
              "count": 1
            }
          ]
        }
      }
    }
  },
  "installed_plugins": {
    "cordova-plugin-file": {
      "ANDROIDX_WEBKIT_VERSION": "1.4.0",
      "PACKAGE_NAME": "info.ronycse778.userlist"
    },
    "cordova-plugin-advanced-http": {
      "ANDROIDBLACKLISTSECURESOCKETPROTOCOLS": "SSLv3,TLSv1",
      "ANDROIDX_WEBKIT_VERSION": "1.4.0",
      "PACKAGE_NAME": "info.ronycse778.userlist"
    },
    "cordova-plugin-console": {
      "PACKAGE_NAME": "info.ronycse778.userlist"
    }
  },
  "dependent_plugins": {},
  "modules": [
    {
      "id": "cordova-plugin-file.DirectoryEntry",
      "file": "plugins/cordova-plugin-file/www/DirectoryEntry.js",
      "pluginId": "cordova-plugin-file",
      "clobbers": [
        "window.DirectoryEntry"
      ]
    },
    {
      "id": "cordova-plugin-file.DirectoryReader",
      "file": "plugins/cordova-plugin-file/www/DirectoryReader.js",
      "pluginId": "cordova-plugin-file",
      "clobbers": [
        "window.DirectoryReader"
      ]
    },
    {
      "id": "cordova-plugin-file.Entry",
      "file": "plugins/cordova-plugin-file/www/Entry.js",
      "pluginId": "cordova-plugin-file",
      "clobbers": [
        "window.Entry"
      ]
    },
    {
      "id": "cordova-plugin-file.File",
      "file": "plugins/cordova-plugin-file/www/File.js",
      "pluginId": "cordova-plugin-file",
      "clobbers": [
        "window.File"
      ]
    },
    {
      "id": "cordova-plugin-file.FileEntry",
      "file": "plugins/cordova-plugin-file/www/FileEntry.js",
      "pluginId": "cordova-plugin-file",
      "clobbers": [
        "window.FileEntry"
      ]
    },
    {
      "id": "cordova-plugin-file.FileError",
      "file": "plugins/cordova-plugin-file/www/FileError.js",
      "pluginId": "cordova-plugin-file",
      "clobbers": [
        "window.FileError"
      ]
    },
    {
      "id": "cordova-plugin-file.FileReader",
      "file": "plugins/cordova-plugin-file/www/FileReader.js",
      "pluginId": "cordova-plugin-file",
      "clobbers": [
        "window.FileReader"
      ]
    },
    {
      "id": "cordova-plugin-file.FileSystem",
      "file": "plugins/cordova-plugin-file/www/FileSystem.js",
      "pluginId": "cordova-plugin-file",
      "clobbers": [
        "window.FileSystem"
      ]
    },
    {
      "id": "cordova-plugin-file.FileUploadOptions",
      "file": "plugins/cordova-plugin-file/www/FileUploadOptions.js",
      "pluginId": "cordova-plugin-file",
      "clobbers": [
        "window.FileUploadOptions"
      ]
    },
    {
      "id": "cordova-plugin-file.FileUploadResult",
      "file": "plugins/cordova-plugin-file/www/FileUploadResult.js",
      "pluginId": "cordova-plugin-file",
      "clobbers": [
        "window.FileUploadResult"
      ]
    },
    {
      "id": "cordova-plugin-file.FileWriter",
      "file": "plugins/cordova-plugin-file/www/FileWriter.js",
      "pluginId": "cordova-plugin-file",
      "clobbers": [
        "window.FileWriter"
      ]
    },
    {
      "id": "cordova-plugin-file.Flags",
      "file": "plugins/cordova-plugin-file/www/Flags.js",
      "pluginId": "cordova-plugin-file",
      "clobbers": [
        "window.Flags"
      ]
    },
    {
      "id": "cordova-plugin-file.LocalFileSystem",
      "file": "plugins/cordova-plugin-file/www/LocalFileSystem.js",
      "pluginId": "cordova-plugin-file",
      "clobbers": [
        "window.LocalFileSystem"
      ],
      "merges": [
        "window"
      ]
    },
    {
      "id": "cordova-plugin-file.Metadata",
      "file": "plugins/cordova-plugin-file/www/Metadata.js",
      "pluginId": "cordova-plugin-file",
      "clobbers": [
        "window.Metadata"
      ]
    },
    {
      "id": "cordova-plugin-file.ProgressEvent",
      "file": "plugins/cordova-plugin-file/www/ProgressEvent.js",
      "pluginId": "cordova-plugin-file",
      "clobbers": [
        "window.ProgressEvent"
      ]
    },
    {
      "id": "cordova-plugin-file.fileSystems",
      "file": "plugins/cordova-plugin-file/www/fileSystems.js",
      "pluginId": "cordova-plugin-file"
    },
    {
      "id": "cordova-plugin-file.requestFileSystem",
      "file": "plugins/cordova-plugin-file/www/requestFileSystem.js",
      "pluginId": "cordova-plugin-file",
      "clobbers": [
        "window.requestFileSystem"
      ]
    },
    {
      "id": "cordova-plugin-file.resolveLocalFileSystemURI",
      "file": "plugins/cordova-plugin-file/www/resolveLocalFileSystemURI.js",
      "pluginId": "cordova-plugin-file",
      "merges": [
        "window"
      ]
    },
    {
      "id": "cordova-plugin-file.isChrome",
      "file": "plugins/cordova-plugin-file/www/browser/isChrome.js",
      "pluginId": "cordova-plugin-file",
      "runs": true
    },
    {
      "id": "cordova-plugin-file.androidEntry",
      "file": "plugins/cordova-plugin-file/www/android/Entry.js",
      "pluginId": "cordova-plugin-file",
      "merges": [
        "Entry"
      ]
    },
    {
      "id": "cordova-plugin-file.androidFileSystem",
      "file": "plugins/cordova-plugin-file/www/android/FileSystem.js",
      "pluginId": "cordova-plugin-file",
      "merges": [
        "FileSystem"
      ]
    },
    {
      "id": "cordova-plugin-file.fileSystems-roots",
      "file": "plugins/cordova-plugin-file/www/fileSystems-roots.js",
      "pluginId": "cordova-plugin-file",
      "runs": true
    },
    {
      "id": "cordova-plugin-file.fileSystemPaths",
      "file": "plugins/cordova-plugin-file/www/fileSystemPaths.js",
      "pluginId": "cordova-plugin-file",
      "merges": [
        "cordova"
      ],
      "runs": true
    },
    {
      "id": "cordova-plugin-advanced-http.cookie-handler",
      "file": "plugins/cordova-plugin-advanced-http/www/cookie-handler.js",
      "pluginId": "cordova-plugin-advanced-http"
    },
    {
      "id": "cordova-plugin-advanced-http.dependency-validator",
      "file": "plugins/cordova-plugin-advanced-http/www/dependency-validator.js",
      "pluginId": "cordova-plugin-advanced-http"
    },
    {
      "id": "cordova-plugin-advanced-http.error-codes",
      "file": "plugins/cordova-plugin-advanced-http/www/error-codes.js",
      "pluginId": "cordova-plugin-advanced-http"
    },
    {
      "id": "cordova-plugin-advanced-http.global-configs",
      "file": "plugins/cordova-plugin-advanced-http/www/global-configs.js",
      "pluginId": "cordova-plugin-advanced-http"
    },
    {
      "id": "cordova-plugin-advanced-http.helpers",
      "file": "plugins/cordova-plugin-advanced-http/www/helpers.js",
      "pluginId": "cordova-plugin-advanced-http"
    },
    {
      "id": "cordova-plugin-advanced-http.js-util",
      "file": "plugins/cordova-plugin-advanced-http/www/js-util.js",
      "pluginId": "cordova-plugin-advanced-http"
    },
    {
      "id": "cordova-plugin-advanced-http.local-storage-store",
      "file": "plugins/cordova-plugin-advanced-http/www/local-storage-store.js",
      "pluginId": "cordova-plugin-advanced-http"
    },
    {
      "id": "cordova-plugin-advanced-http.lodash",
      "file": "plugins/cordova-plugin-advanced-http/www/lodash.js",
      "pluginId": "cordova-plugin-advanced-http"
    },
    {
      "id": "cordova-plugin-advanced-http.messages",
      "file": "plugins/cordova-plugin-advanced-http/www/messages.js",
      "pluginId": "cordova-plugin-advanced-http"
    },
    {
      "id": "cordova-plugin-advanced-http.ponyfills",
      "file": "plugins/cordova-plugin-advanced-http/www/ponyfills.js",
      "pluginId": "cordova-plugin-advanced-http"
    },
    {
      "id": "cordova-plugin-advanced-http.public-interface",
      "file": "plugins/cordova-plugin-advanced-http/www/public-interface.js",
      "pluginId": "cordova-plugin-advanced-http"
    },
    {
      "id": "cordova-plugin-advanced-http.tough-cookie",
      "file": "plugins/cordova-plugin-advanced-http/www/umd-tough-cookie.js",
      "pluginId": "cordova-plugin-advanced-http"
    },
    {
      "id": "cordova-plugin-advanced-http.url-util",
      "file": "plugins/cordova-plugin-advanced-http/www/url-util.js",
      "pluginId": "cordova-plugin-advanced-http"
    },
    {
      "id": "cordova-plugin-advanced-http.http",
      "file": "plugins/cordova-plugin-advanced-http/www/advanced-http.js",
      "pluginId": "cordova-plugin-advanced-http",
      "clobbers": [
        "cordova.plugin.http"
      ]
    }
  ],
  "plugin_metadata": {
    "cordova-plugin-file": "8.1.0",
    "cordova-plugin-advanced-http": "3.3.1",
    "cordova-plugin-console": "1.1.0"
  }
}
